{
    "Nobel Prize in Literature": {
        "percentageWomen": 13.492063492063492,
        "averageAge": 65.03968253968254
    },
    "Nobel Prize in Physics": {
        "percentageWomen": 1.809954751131222,
        "averageAge": 56.85972850678733
    },
    "Nobel Peace Prize": {
        "percentageWomen": 15.254237288135593,
        "averageAge": 61.03389830508475
    },
    "Nobel Prize in Chemistry": {
        "percentageWomen": 3.5175879396984926,
        "averageAge": 58.45226130653266
    },
    "Prize in Economic Sciences in Memory of Alfred Nobel": {
        "percentageWomen": 2.1052631578947367,
        "averageAge": 66.62105263157895
    },
    "Nobel Prize in Physiology or Medicine": {
        "percentageWomen": 4.724409448818897,
        "averageAge": 58.62992125984252
    }
}